<?xml version="1.0" encoding="UTF-8"?>
<PeakList>
  <PeakList1D>
    <PeakList1DHeader creator="nmrsu" date="2022-09-15T23:13:24.894+02:00" expNo="10" name="DTU800_150922_CHG_MMS052002" owner="" procNo="1" source="/opt/topspin3.5pl6/data/CHG_355/chgo">
      <PeakPickDetails>F1=11.416720ppm, F2=-0.601277ppm, MI=0.00cm, MAXI=10000.00cm, PC=1.000
      </PeakPickDetails>
    </PeakList1DHeader>
    <Peak1D F1="11.415418" intensity="2.917674e-02" type="0"/>
    <Peak1D F1="9.751124" intensity="1.151364e+00" type="0"/>
    <Peak1D F1="7.913467" intensity="1.554518e-01" type="0"/>
    <Peak1D F1="7.317547" intensity="1.590593e-01" type="0"/>
    <Peak1D F1="7.189439" intensity="3.028026e+01" type="0"/>
    <Peak1D F1="7.056224" intensity="1.703035e-01" type="0"/>
    <Peak1D F1="5.890703" intensity="4.374172e-02" type="0"/>
    <Peak1D F1="5.580691" intensity="2.091461e-02" type="0"/>
    <Peak1D F1="5.557497" intensity="2.076414e-02" type="0"/>
    <Peak1D F1="5.381704" intensity="9.281781e-01" type="0"/>
    <Peak1D F1="5.379491" intensity="9.492491e-01" type="0"/>
    <Peak1D F1="5.281859" intensity="1.092425e+00" type="0"/>
    <Peak1D F1="5.278721" intensity="9.897557e-01" type="0"/>
    <Peak1D F1="5.275394" intensity="1.140896e+00" type="0"/>
    <Peak1D F1="4.764884" intensity="9.608398e-01" type="0"/>
    <Peak1D F1="4.618807" intensity="2.406867e-01" type="0"/>
    <Peak1D F1="4.613046" intensity="2.476901e-01" type="0"/>
    <Peak1D F1="4.602953" intensity="2.455322e-01" type="0"/>
    <Peak1D F1="4.597199" intensity="2.365167e-01" type="0"/>
    <Peak1D F1="4.435735" intensity="4.791121e-02" type="0"/>
    <Peak1D F1="4.429515" intensity="4.397082e-02" type="0"/>
    <Peak1D F1="4.419971" intensity="5.040492e-02" type="0"/>
    <Peak1D F1="4.413654" intensity="5.118753e-02" type="0"/>
    <Peak1D F1="4.352904" intensity="5.209909e-01" type="0"/>
    <Peak1D F1="4.343382" intensity="1.226015e+00" type="0"/>
    <Peak1D F1="4.333862" intensity="1.468069e+00" type="0"/>
    <Peak1D F1="4.324665" intensity="9.772680e-01" type="0"/>
    <Peak1D F1="4.315582" intensity="2.694991e-01" type="0"/>
    <Peak1D F1="4.310186" intensity="9.469788e-02" type="0"/>
    <Peak1D F1="4.279252" intensity="2.923712e-01" type="0"/>
    <Peak1D F1="4.276787" intensity="2.921554e-01" type="0"/>
    <Peak1D F1="4.258877" intensity="3.379175e-02" type="0"/>
    <Peak1D F1="4.251412" intensity="8.171133e-02" type="0"/>
    <Peak1D F1="4.244480" intensity="1.238034e-01" type="0"/>
    <Peak1D F1="4.237626" intensity="1.636607e-01" type="0"/>
    <Peak1D F1="4.230803" intensity="1.872478e-01" type="0"/>
    <Peak1D F1="4.224008" intensity="1.447408e-01" type="0"/>
    <Peak1D F1="4.217251" intensity="1.025035e-01" type="0"/>
    <Peak1D F1="4.210455" intensity="5.102338e-02" type="0"/>
    <Peak1D F1="4.162978" intensity="2.021310e-02" type="0"/>
    <Peak1D F1="4.083454" intensity="4.829987e-02" type="0"/>
    <Peak1D F1="3.983128" intensity="2.801575e-02" type="0"/>
    <Peak1D F1="3.975854" intensity="4.481849e-02" type="0"/>
    <Peak1D F1="3.969239" intensity="5.735215e-02" type="0"/>
    <Peak1D F1="3.962290" intensity="4.098170e-02" type="0"/>
    <Peak1D F1="3.955439" intensity="2.988836e-02" type="0"/>
    <Peak1D F1="3.890263" intensity="8.539842e-02" type="0"/>
    <Peak1D F1="3.884024" intensity="2.689215e-01" type="0"/>
    <Peak1D F1="3.762611" intensity="9.355265e-02" type="0"/>
    <Peak1D F1="3.468322" intensity="2.045657e-01" type="0"/>
    <Peak1D F1="3.462836" intensity="3.887275e-01" type="0"/>
    <Peak1D F1="3.454448" intensity="4.968412e-01" type="0"/>
    <Peak1D F1="3.448750" intensity="7.980943e-01" type="0"/>
    <Peak1D F1="3.442991" intensity="5.130137e-01" type="0"/>
    <Peak1D F1="3.434662" intensity="4.201818e-01" type="0"/>
    <Peak1D F1="3.429063" intensity="2.386477e-01" type="0"/>
    <Peak1D F1="3.404275" intensity="9.566680e-01" type="0"/>
    <Peak1D F1="3.392993" intensity="1.263351e+00" type="0"/>
    <Peak1D F1="3.319077" intensity="1.074846e+00" type="0"/>
    <Peak1D F1="3.311709" intensity="5.223967e-01" type="0"/>
    <Peak1D F1="3.305402" intensity="1.933209e+00" type="0"/>
    <Peak1D F1="3.297976" intensity="8.656686e-01" type="0"/>
    <Peak1D F1="3.291769" intensity="9.232746e-01" type="0"/>
    <Peak1D F1="3.284320" intensity="3.913326e-01" type="0"/>
    <Peak1D F1="3.232540" intensity="4.142927e-02" type="0"/>
    <Peak1D F1="3.219024" intensity="3.929496e-02" type="0"/>
    <Peak1D F1="2.513630" intensity="1.259554e-01" type="0"/>
    <Peak1D F1="2.508812" intensity="1.414911e-01" type="0"/>
    <Peak1D F1="2.499688" intensity="1.806958e-01" type="0"/>
    <Peak1D F1="2.495145" intensity="1.631695e-01" type="0"/>
    <Peak1D F1="2.491323" intensity="1.849139e-01" type="0"/>
    <Peak1D F1="2.486360" intensity="1.840542e-01" type="0"/>
    <Peak1D F1="2.477515" intensity="1.866173e-01" type="0"/>
    <Peak1D F1="2.472700" intensity="1.784690e-01" type="0"/>
    <Peak1D F1="2.422100" intensity="2.093917e-01" type="0"/>
    <Peak1D F1="2.409094" intensity="2.139952e-01" type="0"/>
    <Peak1D F1="2.404961" intensity="2.405734e-01" type="0"/>
    <Peak1D F1="2.391953" intensity="2.283130e-01" type="0"/>
    <Peak1D F1="2.356823" intensity="1.363745e-01" type="0"/>
    <Peak1D F1="2.349550" intensity="1.590666e-01" type="0"/>
    <Peak1D F1="2.343361" intensity="1.650626e-01" type="0"/>
    <Peak1D F1="2.335392" intensity="2.438205e-01" type="0"/>
    <Peak1D F1="2.327864" intensity="1.262672e-01" type="0"/>
    <Peak1D F1="2.320629" intensity="1.312306e-01" type="0"/>
    <Peak1D F1="2.313957" intensity="1.262939e-01" type="0"/>
    <Peak1D F1="2.291652" intensity="1.171511e-01" type="0"/>
    <Peak1D F1="2.286612" intensity="1.368737e-01" type="0"/>
    <Peak1D F1="2.271297" intensity="2.173898e-01" type="0"/>
    <Peak1D F1="2.257883" intensity="1.767282e-01" type="0"/>
    <Peak1D F1="2.252562" intensity="1.382647e-01" type="0"/>
    <Peak1D F1="2.239538" intensity="4.546778e-01" type="0"/>
    <Peak1D F1="2.235991" intensity="4.751068e-01" type="0"/>
    <Peak1D F1="2.233325" intensity="4.490526e-01" type="0"/>
    <Peak1D F1="2.223295" intensity="7.810210e-01" type="0"/>
    <Peak1D F1="2.219601" intensity="7.654241e-01" type="0"/>
    <Peak1D F1="2.216853" intensity="8.261539e-01" type="0"/>
    <Peak1D F1="2.210711" intensity="3.722919e-01" type="0"/>
    <Peak1D F1="2.205650" intensity="2.627793e-01" type="0"/>
    <Peak1D F1="2.200470" intensity="2.482452e-01" type="0"/>
    <Peak1D F1="2.195220" intensity="3.692291e-01" type="0"/>
    <Peak1D F1="2.190419" intensity="2.833977e-01" type="0"/>
    <Peak1D F1="2.176301" intensity="5.248816e-01" type="0"/>
    <Peak1D F1="2.162129" intensity="6.802165e-01" type="0"/>
    <Peak1D F1="2.148523" intensity="2.881361e-01" type="0"/>
    <Peak1D F1="2.145564" intensity="2.901956e-01" type="0"/>
    <Peak1D F1="2.086085" intensity="5.451224e-02" type="0"/>
    <Peak1D F1="2.075079" intensity="5.487767e-02" type="0"/>
    <Peak1D F1="2.069008" intensity="6.592575e-02" type="0"/>
    <Peak1D F1="2.040837" intensity="1.830098e-01" type="0"/>
    <Peak1D F1="2.035892" intensity="1.937318e-01" type="0"/>
    <Peak1D F1="2.027071" intensity="1.927349e-01" type="0"/>
    <Peak1D F1="2.022232" intensity="3.661294e-01" type="0"/>
    <Peak1D F1="2.017116" intensity="2.194886e-01" type="0"/>
    <Peak1D F1="2.008165" intensity="3.639150e-01" type="0"/>
    <Peak1D F1="2.002954" intensity="3.161946e-01" type="0"/>
    <Peak1D F1="1.991839" intensity="2.555489e-01" type="0"/>
    <Peak1D F1="1.983335" intensity="2.924797e-01" type="0"/>
    <Peak1D F1="1.964588" intensity="1.309100e-01" type="0"/>
    <Peak1D F1="1.952273" intensity="3.742712e-01" type="0"/>
    <Peak1D F1="1.945429" intensity="8.272551e-01" type="0"/>
    <Peak1D F1="1.942059" intensity="6.735030e-01" type="0"/>
    <Peak1D F1="1.939076" intensity="7.152234e-01" type="0"/>
    <Peak1D F1="1.928471" intensity="9.595175e-01" type="0"/>
    <Peak1D F1="1.920478" intensity="1.246369e+00" type="0"/>
    <Peak1D F1="1.913110" intensity="1.235875e+00" type="0"/>
    <Peak1D F1="1.906283" intensity="8.022133e-01" type="0"/>
    <Peak1D F1="1.904218" intensity="8.055810e-01" type="0"/>
    <Peak1D F1="1.897010" intensity="6.798573e-01" type="0"/>
    <Peak1D F1="1.888794" intensity="2.177029e-01" type="0"/>
    <Peak1D F1="1.885885" intensity="2.348178e-01" type="0"/>
    <Peak1D F1="1.879465" intensity="1.851119e-01" type="0"/>
    <Peak1D F1="1.834528" intensity="1.853046e-01" type="0"/>
    <Peak1D F1="1.817377" intensity="3.933235e-01" type="0"/>
    <Peak1D F1="1.808718" intensity="1.035792e+00" type="0"/>
    <Peak1D F1="1.800118" intensity="1.896575e+00" type="0"/>
    <Peak1D F1="1.791500" intensity="1.607537e+00" type="0"/>
    <Peak1D F1="1.782305" intensity="1.571080e+00" type="0"/>
    <Peak1D F1="1.777607" intensity="1.419731e+00" type="0"/>
    <Peak1D F1="1.770144" intensity="7.917682e-01" type="0"/>
    <Peak1D F1="1.765288" intensity="1.600812e+00" type="0"/>
    <Peak1D F1="1.753836" intensity="6.892409e-01" type="0"/>
    <Peak1D F1="1.749461" intensity="4.246793e-01" type="0"/>
    <Peak1D F1="1.738575" intensity="3.223306e-01" type="0"/>
    <Peak1D F1="1.734649" intensity="3.097039e-01" type="0"/>
    <Peak1D F1="1.728194" intensity="3.742737e-01" type="0"/>
    <Peak1D F1="1.717596" intensity="6.024734e-01" type="0"/>
    <Peak1D F1="1.713832" intensity="1.336789e+00" type="0"/>
    <Peak1D F1="1.703438" intensity="1.908467e+00" type="0"/>
    <Peak1D F1="1.694470" intensity="1.577951e+00" type="0"/>
    <Peak1D F1="1.682140" intensity="7.940943e-01" type="0"/>
    <Peak1D F1="1.677618" intensity="1.177738e+00" type="0"/>
    <Peak1D F1="1.673652" intensity="1.183965e+00" type="0"/>
    <Peak1D F1="1.666349" intensity="7.468137e-01" type="0"/>
    <Peak1D F1="1.661904" intensity="1.217708e+00" type="0"/>
    <Peak1D F1="1.657942" intensity="1.161256e+00" type="0"/>
    <Peak1D F1="1.643373" intensity="2.036717e-01" type="0"/>
    <Peak1D F1="1.638008" intensity="2.019924e-01" type="0"/>
    <Peak1D F1="1.620502" intensity="6.264988e-01" type="0"/>
    <Peak1D F1="1.615910" intensity="7.718210e-01" type="0"/>
    <Peak1D F1="1.610392" intensity="4.933014e-01" type="0"/>
    <Peak1D F1="1.604537" intensity="1.230816e+00" type="0"/>
    <Peak1D F1="1.599241" intensity="1.563194e+00" type="0"/>
    <Peak1D F1="1.582744" intensity="1.407290e+00" type="0"/>
    <Peak1D F1="1.578846" intensity="1.202558e+00" type="0"/>
    <Peak1D F1="1.571748" intensity="1.247741e+00" type="0"/>
    <Peak1D F1="1.565062" intensity="1.707706e+00" type="0"/>
    <Peak1D F1="1.558445" intensity="2.090203e+00" type="0"/>
    <Peak1D F1="1.552391" intensity="1.989509e+00" type="0"/>
    <Peak1D F1="1.546393" intensity="2.039064e+00" type="0"/>
    <Peak1D F1="1.541608" intensity="1.935611e+00" type="0"/>
    <Peak1D F1="1.535444" intensity="2.242571e+00" type="0"/>
    <Peak1D F1="1.528916" intensity="1.909525e+00" type="0"/>
    <Peak1D F1="1.514763" intensity="1.754200e+00" type="0"/>
    <Peak1D F1="1.490633" intensity="3.151296e+00" type="0"/>
    <Peak1D F1="1.481931" intensity="3.642720e+00" type="0"/>
    <Peak1D F1="1.464083" intensity="2.006118e+00" type="0"/>
    <Peak1D F1="1.456451" intensity="1.764773e+00" type="0"/>
    <Peak1D F1="1.450370" intensity="1.671347e+00" type="0"/>
    <Peak1D F1="1.441356" intensity="1.226663e+00" type="0"/>
    <Peak1D F1="1.436452" intensity="1.141431e+00" type="0"/>
    <Peak1D F1="1.432685" intensity="9.339689e-01" type="0"/>
    <Peak1D F1="1.420980" intensity="1.166812e+00" type="0"/>
    <Peak1D F1="1.409509" intensity="1.149542e+00" type="0"/>
    <Peak1D F1="1.404532" intensity="1.279715e+00" type="0"/>
    <Peak1D F1="1.393767" intensity="1.557311e+00" type="0"/>
    <Peak1D F1="1.389130" intensity="1.677666e+00" type="0"/>
    <Peak1D F1="1.377038" intensity="1.152241e+00" type="0"/>
    <Peak1D F1="1.373499" intensity="1.205513e+00" type="0"/>
    <Peak1D F1="1.362179" intensity="4.960954e-01" type="0"/>
    <Peak1D F1="1.343172" intensity="5.365284e-01" type="0"/>
    <Peak1D F1="1.339302" intensity="4.861133e-01" type="0"/>
    <Peak1D F1="1.334872" intensity="4.842889e-01" type="0"/>
    <Peak1D F1="1.330916" intensity="6.885284e-01" type="0"/>
    <Peak1D F1="1.325998" intensity="5.725536e-01" type="0"/>
    <Peak1D F1="1.312775" intensity="2.485191e+00" type="0"/>
    <Peak1D F1="1.298525" intensity="2.120379e-01" type="0"/>
    <Peak1D F1="1.288829" intensity="2.364765e-01" type="0"/>
    <Peak1D F1="1.279675" intensity="2.094104e-01" type="0"/>
    <Peak1D F1="1.274816" intensity="1.630622e-01" type="0"/>
    <Peak1D F1="1.268090" intensity="3.972892e-01" type="0"/>
    <Peak1D F1="1.263479" intensity="3.017640e-01" type="0"/>
    <Peak1D F1="1.259631" intensity="3.816743e-01" type="0"/>
    <Peak1D F1="1.251324" intensity="5.768469e-01" type="0"/>
    <Peak1D F1="1.240506" intensity="7.779905e-01" type="0"/>
    <Peak1D F1="1.232359" intensity="9.484378e-01" type="0"/>
    <Peak1D F1="1.227283" intensity="1.163710e+00" type="0"/>
    <Peak1D F1="1.222407" intensity="1.493183e+00" type="0"/>
    <Peak1D F1="1.217162" intensity="1.290244e+00" type="0"/>
    <Peak1D F1="1.207956" intensity="7.159816e-01" type="0"/>
    <Peak1D F1="1.200453" intensity="9.001397e-01" type="0"/>
    <Peak1D F1="1.190905" intensity="3.505943e-01" type="0"/>
    <Peak1D F1="1.186247" intensity="6.838410e-01" type="0"/>
    <Peak1D F1="1.173863" intensity="1.759170e-01" type="0"/>
    <Peak1D F1="1.167418" intensity="1.603014e-01" type="0"/>
    <Peak1D F1="1.147366" intensity="2.408708e-01" type="0"/>
    <Peak1D F1="1.141810" intensity="2.058724e-01" type="0"/>
    <Peak1D F1="1.126243" intensity="7.043889e-01" type="0"/>
    <Peak1D F1="1.120840" intensity="5.558715e-01" type="0"/>
    <Peak1D F1="1.110129" intensity="9.637490e-01" type="0"/>
    <Peak1D F1="1.104746" intensity="8.753404e-01" type="0"/>
    <Peak1D F1="1.096485" intensity="8.371275e-01" type="0"/>
    <Peak1D F1="1.088656" intensity="6.619068e-01" type="0"/>
    <Peak1D F1="1.081351" intensity="4.217189e-01" type="0"/>
    <Peak1D F1="1.078139" intensity="4.274766e-01" type="0"/>
    <Peak1D F1="1.074060" intensity="4.695853e-01" type="0"/>
    <Peak1D F1="1.067406" intensity="4.170938e-01" type="0"/>
    <Peak1D F1="1.060440" intensity="3.758318e-01" type="0"/>
    <Peak1D F1="1.054533" intensity="6.363946e-01" type="0"/>
    <Peak1D F1="1.047562" intensity="6.196276e-01" type="0"/>
    <Peak1D F1="1.040772" intensity="6.150415e-01" type="0"/>
    <Peak1D F1="1.037315" intensity="6.167646e-01" type="0"/>
    <Peak1D F1="1.033940" intensity="7.194079e-01" type="0"/>
    <Peak1D F1="1.030447" intensity="5.760526e-01" type="0"/>
    <Peak1D F1="1.021692" intensity="8.890007e-01" type="0"/>
    <Peak1D F1="1.016893" intensity="5.868672e-01" type="0"/>
    <Peak1D F1="1.008928" intensity="8.596194e-01" type="0"/>
    <Peak1D F1="1.000104" intensity="4.832582e+00" type="0"/>
    <Peak1D F1="0.991495" intensity="5.338098e-01" type="0"/>
    <Peak1D F1="0.985763" intensity="3.599629e-01" type="0"/>
    <Peak1D F1="0.974444" intensity="1.725896e-01" type="0"/>
    <Peak1D F1="0.968709" intensity="3.286815e-01" type="0"/>
    <Peak1D F1="0.957367" intensity="1.145595e+01" type="0"/>
    <Peak1D F1="0.934457" intensity="2.074385e-01" type="0"/>
    <Peak1D F1="0.926090" intensity="2.469779e-01" type="0"/>
    <Peak1D F1="0.915960" intensity="3.213628e-01" type="0"/>
    <Peak1D F1="0.906419" intensity="6.958281e+00" type="0"/>
    <Peak1D F1="0.897714" intensity="9.220878e+00" type="0"/>
    <Peak1D F1="0.889139" intensity="3.418875e+00" type="0"/>
    <Peak1D F1="0.876841" intensity="7.311152e-01" type="0"/>
    <Peak1D F1="0.870518" intensity="5.858627e-01" type="0"/>
    <Peak1D F1="0.848305" intensity="6.400472e-02" type="0"/>
    <Peak1D F1="0.817680" intensity="1.122633e-01" type="0"/>
    <Peak1D F1="0.812534" intensity="1.091236e-01" type="0"/>
    <Peak1D F1="0.798533" intensity="1.367814e-01" type="0"/>
    <Peak1D F1="0.791899" intensity="1.214871e-01" type="0"/>
    <Peak1D F1="0.780898" intensity="1.764810e-01" type="0"/>
    <Peak1D F1="0.766389" intensity="9.134981e-02" type="0"/>
    <Peak1D F1="0.742384" intensity="2.527079e+00" type="0"/>
    <Peak1D F1="0.727548" intensity="7.319739e+00" type="0"/>
    <Peak1D F1="0.721785" intensity="1.500000e+01" type="0"/>
    <Peak1D F1="0.715326" intensity="7.281325e+00" type="0"/>
    <Peak1D F1="0.694289" intensity="6.103610e-01" type="0"/>
    <Peak1D F1="0.680141" intensity="9.541096e-02" type="0"/>
    <Peak1D F1="0.673827" intensity="1.031424e-01" type="0"/>
    <Peak1D F1="0.642227" intensity="9.395082e-02" type="0"/>
    <Peak1D F1="0.576809" intensity="3.106943e-02" type="0"/>
    <Peak1D F1="0.023154" intensity="3.185210e-02" type="0"/>
    <Peak1D F1="-0.000094" intensity="8.570308e-02" type="0"/>
  </PeakList1D>
</PeakList>
